job_title,SalaryUSD_Full_time_2017,SalaryUSD_Full_time_2023,rate
BI Developer,78963.7329842932,113352.9268292683,30.0
Data Analyst,79985.09375,111463.81119648738,28.0
Data Architect,116665.88789237668,161488.6567164179,28.0
Data Engineer,95274.32624113475,150950.25108225108,37.0
Data Manager,116003.52112676056,109234.79338842975,6.0
Data Scientist,100721.44444444444,165984.39628732848,39.0
