job_title,SalaryUSD_Full_time_2017,SalaryUSD_Full_time_2023,rate
BI Developer,79936.26267281106,150751.285115304,47.0
Data Analyst,87701.54110898661,122894.48713692946,29.0
Data Architect,110775.69064748201,155569.02310231022,29.0
Data Engineer,89988.86731843576,151513.68836648585,41.0
Data Manager,105519.23873873874,139276.50211864407,24.0
Data Scientist,90013.7738515901,165803.79080824088,46.0
Other,86630.78114807566,162336.69711174959,47.0
